"STORE","CITY","STATE","ZIP","MSA","MSA_NAME","MSA_POP","CENSUS_REGION","LATITUDE","LONGITUDE","MSA_INCOME","MSA_HIGH","MSA_BACH"
9303,"LOUISVILLE                              ","KY  ","40216     ",4520,"LOUISVILLE-JEFFERSON COUNTY, KY-IN                                              ",1233735,"SOUTH                                                       ",38.188886,85.83137,34100,76.1,21.3
9002,"NEW ORLEANS                             ","LA  ","70127     ",5560,"NEW ORLEANS-METAIRIE-KENNER, LA                                                 ",1030363,"SOUTH                                                       ",30.033475,89.97736,20722,77.7,22.6
8304,"TULSA                                   ","OK  ","74134     ",8560,"TULSA, OK                                                                       ",905755,"SOUTH                                                       ",36.114797,95.82105,33920,83.7,23.2
7902,"OXFORD                                  ","AL  ","36203     ",450,"ANNISTON-OXFORD, AL                                                             ",113103,"SOUTH                                                       ",33.591301,85.83571,27820,73.9,15.2
2809,"ST GEORGE                               ","UT  ","84790     ",0,"ST. GEORGE, UT                                                                  ",133791,"WEST                                                        ",37.075039,113.55568,22299,87.8,22.0
3103,"WICHITA                                 ","KS  ","67209     ",9040,"WICHITA, KS                                                                     ",596452,"MIDWEST                                                     ",37.67129,97.4372,33368,83.8,25.3
9302,"BATON ROUGE                             ","LA  ","70836     ",760,"BATON ROUGE, LA                                                                 ",770037,"SOUTH                                                       ",30.388292,91.08631,31630,81.9,24.9
1502,"FT MYERS                                ","FL  ","33901     ",2700,"CAPE CORAL-FORT MYERS, FL                                                       ",590564,"SOUTH                                                       ",26.62365,81.8727,34059,82.3,21.1
3307,"AUSTIN                                  ","TX  ","78746     ",640,"AUSTIN-ROUND ROCK, TX                                                           ",1598161,"SOUTH                                                       ",30.287739,97.8022,34005,84.8,36.7
3009,"MURRAY                                  ","UT  ","84107     ",7160,"SALT LAKE CITY, UT                                                              ",1099973,"WEST                                                        ",40.659997,111.88394,33279,87.5,26.5
9609,"LONGMONT                                ","CO  ","80501     ",1125,"BOULDER, CO                                                                     ",290262,"WEST                                                        ",40.171484,105.10033,45944,92.8,52.4
8404,"TULSA                                   ","OK  ","74133     ",8560,"TULSA, OK                                                                       ",905755,"SOUTH                                                       ",36.04309,95.88417,33920,83.7,23.2
9604,"MIDWEST CITY                            ","OK  ","73110     ",5880,"OKLAHOMA CITY, OK                                                               ",1192989,"SOUTH                                                       ",35.459478,97.39721,31630,83.6,24.4
303,"ST. ANN                                 ","MO  ","63074     ",7040,"ST. LOUIS, MO-IL                                                                ",2803707,"MIDWEST                                                     ",38.727184,90.38551,36174,81.5,16.9
9704,"SHAWNEE                                 ","OK  ","74804     ",0,"OK NONMETROPOLITAN AREA                                                         ",28692,"SOUTH                                                       ",35.375188,96.93162,27659,77.8,18.5
1102,"BRADENTON                               ","FL  ","34205     ",7510,"SARASOTA-BRADENTON-VENICE, FL                                                   ",687181,"SOUTH                                                       ",27.485617,82.58294,40112,84.7,24.6
9603,"LOUISVILLE                              ","KY  ","40219     ",4520,"LOUISVILLE-JEFFERSON COUNTY, KY-IN                                              ",1233735,"SOUTH                                                       ",38.141638,85.68218,34100,76.1,21.3
5004,"CHARLOTTE                               ","NC  ","28211     ",1520,"CHARLOTTE-GASTONIA-CONCORD, NC-SC                                               ",1651568,"SOUTH                                                       ",35.170094,80.79857,36151,80.8,27.1
5704,"AUGUSTA                                 ","GA  ","30909     ",600,"AUGUSTA-RICHMOND COUNTY, GA-SC                                                  ",528519,"SOUTH                                                       ",33.475936,82.0697,28105,80.1,22.1
2504,"FRANKLIN                                ","TN  ","37067     ",5360,"NASHVILLE-MURFREESBORO-FRANKLIN, TN                                             ",1521437,"SOUTH                                                       ",35.921811,86.7952,36445,81.4,26.9
5904,"AIKEN                                   ","SC  ","29803     ",600,"AUGUSTA-RICHMOND COUNTY, GA-SC                                                  ",528519,"SOUTH                                                       ",33.486049,81.70946,28105,76.8,18.8
5504,"PINEVILLE                               ","NC  ","28134     ",1520,"CHARLOTTE-GASTONIA-CONCORD, NC-SC                                               ",1651568,"SOUTH                                                       ",35.086017,80.89034,36151,80.8,27.1
1202,"SARASOTA                                ","FL  ","34239     ",7510,"SARASOTA-BRADENTON-VENICE, FL                                                   ",687181,"SOUTH                                                       ",27.310924,82.5213,40112,84.7,24.6
3109,"OGDEN                                   ","UT  ","84405     ",7160,"OGDEN-CLEARFIELD, UT                                                            ",518349,"WEST                                                        ",41.165551,111.9675,28208,87.5,26.5
9103,"LOUISVILLE                              ","KY  ","40207     ",4520,"LOUISVILLE-JEFFERSON COUNTY, KY-IN                                              ",1233735,"SOUTH                                                       ",38.257489,85.65134,34100,76.1,21.3
407,"FT. WORTH                               ","TX  ","76132     ",2800,"DALLAS-FORT WORTH-ARLINGTON, TX                                                 ",6145037,"SOUTH                                                       ",32.670345,97.4143,37075,79.9,28.4
4402,"VERO BEACH                              ","FL  ","32966     ",0,"SEBASTIAN-VERO BEACH, FL                                                        ",131837,"SOUTH                                                       ",27.645377,80.51468,41560,85.0,32.0
7904,"RICHMOND                                ","VA  ","23235     ",6760,"RICHMOND, VA                                                                    ",1212977,"SOUTH                                                       ",37.522514,77.56565,37169,82.6,29.2
307,"IRVING                                  ","TX  ","75062     ",2800,"DALLAS-FORT WORTH-ARLINGTON, TX                                                 ",6145037,"SOUTH                                                       ",32.846645,96.96733,37075,79.9,28.4
8709,"BROOMFIELD                              ","CO  ","80021     ",2080,"DENVER-AURORA, CO                                                               ",2464866,"WEST                                                        ",39.881608,105.09953,42574,86.4,34.2
202,"TAMPA                                   ","FL  ","33612     ",8280,"TAMPA-ST. PETERSBURG-CLEARWATER, FL                                             ",2723949,"SOUTH                                                       ",28.048595,82.45171,33008,81.5,21.7
3902,"SPANISH FORT                            ","AL  ","36527     ",1,"AL NONMETROPOLITAN AREA                                                         ",5797,"South                                                       ",30.684873,87.89723,56099,91.9,39.1
8802,"HAMMOND                                 ","LA  ","70403     ",0,"LA NONMETROPOLITAN AREA                                                         ",17639,"SOUTH                                                       ",30.484785,90.4762,26047,70.9,25.8
3004,"CHATTANOOGA                             ","TN  ","37421     ",1560,"CHATTANOOGA, TN-GA                                                              ",514568,"SOUTH                                                       ",35.028574,85.15939,31113,79.4,22.7
6503,"BEACHWOOD                               ","OH  ","44122     ",1680,"CLEVELAND-ELYRIA-MENTOR, OH                                                     ",2096471,"MIDWEST                                                     ",41.472881,81.52209,35542,82.9,23.3
5202,"PLANTATION                              ","FL  ","33388     ",2680,"MIAMI-FORT LAUDERDALE-POMPANO BEACH, FL                                         ",5413212,"SOUTH                                                       ",26.120714,80.25326,36293,73.9,22.9
604,"JONESBORO                               ","AR  ","72401     ",3700,"JONESBORO, AR                                                                   ",116402,"SOUTH                                                       ",35.844795,90.68443,25113,77.3,20.9
2807,"HARLINGEN                               ","TX  ","78552     ",1240,"BROWNSVILLE-HARLINGEN, TX                                                       ",387210,"SOUTH                                                       ",26.195591,97.75321,17374,55.2,13.4
9404,"OKLAHOMA CITY                           ","OK  ","73149     ",5880,"OKLAHOMA CITY, OK                                                               ",1192989,"SOUTH                                                       ",35.395362,97.49701,31630,83.6,24.4
4507,"SAN ANGELO                              ","TX  ","76904     ",7200,"SAN ANGELO, TX                                                                  ",108085,"SOUTH                                                       ",31.344515,100.47217,28777,76.2,19.5
3603,"TOPEKA                                  ","KS  ","66604     ",8440,"TOPEKA, KS                                                                      ",228692,"MIDWEST                                                     ",39.04045,95.71698,30629,85.9,25.3
7807,"PASADENA                                ","TX  ","77506     ",3360,"HOUSTON-SUGAR LAND-BAYTOWN, TX                                                  ",5628101,"SOUTH                                                       ",29.705678,95.20216,39052,76.4,26.5
7603,"TOLEDO                                  ","OH  ","43623     ",8400,"TOLEDO, OH                                                                      ",650955,"MIDWEST                                                     ",41.707649,83.64363,31429,84.1,21.6
5703,"CINCINNATI                              ","OH  ","45249     ",1640,"CINCINNATI-MIDDLETOWN, OH-KY-IN                                                 ",2133678,"MIDWEST                                                     ",39.278295,84.33049,35618,82.9,26.4
7204,"CHESAPEAKE                              ","VA  ","23320     ",5720,"VIRGINIA BEACH-NEWPORT NEWS, VA-NC                                              ",1658754,"SOUTH                                                       ",36.761698,76.24511,33316,84.8,23.9
7007,"THE WOODLANDS                           ","TX  ","77380     ",3360,"HOUSTON-SUGAR LAND-BAYTOWN, TX                                                  ",5628101,"SOUTH                                                       ",30.143485,95.46821,39052,76.4,26.5
9806,"MABELVALE                               ","AR  ","72103     ",4400,"LITTLE ROCK-NORTH LITTLE ROCK-CONWAY, AR                                        ",666401,"SOUTH                                                       ",34.598551,92.38169,32399,83.5,24.8
1609,"FLAGSTAFF                               ","AZ  ","86004     ",2620,"FLAGSTAFF, AZ                                                                   ",127450,"WEST                                                        ",35.253002,111.44851,27881,83.8,29.9
209,"SCOTTSDALE                              ","AZ  ","85251     ",6200,"PHOENIX-MESA-SCOTTSDALE, AZ                                                     ",4179427,"WEST                                                        ",33.494152,111.92079,32536,85.1,23.9
7804,"GLEN ALLEN                              ","VA  ","23060     ",6760,"RICHMOND, VA                                                                    ",1212977,"SOUTH                                                       ",37.661647,77.52632,37169,82.6,29.2
6403,"STRONGSVILLE                            ","OH  ","44136     ",1680,"CLEVELAND-ELYRIA-MENTOR, OH                                                     ",2096471,"MIDWEST                                                     ",41.312752,81.83197,35542,82.9,23.3
4903,"MOLINE                                  ","IL  ","61265     ",1960,"DAVENPORT-MOLINE-ROCK ISLAND, IA-IL                                             ",376160,"MIDWEST                                                     ",41.490333,90.50006,32280,82.6,17.1
3402,"GAINESVILLE                             ","FL  ","32605     ",2900,"GAINESVILLE, FL                                                                 ",257099,"SOUTH                                                       ",29.676006,82.36889,28986,88.1,38.7
1007,"PLANO                                   ","TX  ","75075     ",2800,"DALLAS-FORT WORTH-ARLINGTON, TX                                                 ",6145037,"SOUTH                                                       ",33.024721,96.74038,37075,79.9,28.4
5502,"WEST PALM BEACH                         ","FL  ","33401     ",2680,"MIAMI-FORT LAUDERDALE-POMPANO BEACH, FL                                         ",5413212,"SOUTH                                                       ",26.711192,80.06043,36293,73.9,22.9
3809,"HELENA                                  ","MT  ","59601     ",0,"MT NONMETROPOLITAN AREA                                                         ",25780,"WEST                                                        ",46.588803,112.04193,25780,92.7,39.8
2702,"ORLANDO                                 ","FL  ","32803     ",5960,"ORLANDO-KISSIMMEE, FL                                                           ",2032496,"SOUTH                                                       ",28.557579,81.35244,31112,82.8,24.8
4907,"TYLER                                   ","TX  ","75703     ",8640,"TYLER, TX                                                                       ",198705,"SOUTH                                                       ",32.264365,95.31347,31258,80.2,22.5
4003,"WEST DES MOINES                         ","IA  ","50266     ",2120,"DES MOINES-WEST DES MOINES, IA                                                  ",546599,"MIDWEST                                                     ",41.581181,93.78287,37668,88.6,28.7
8703,"LEXINGTON                               ","KY  ","40503     ",4280,"LEXINGTON-FAYETTE, KY                                                           ",447173,"SOUTH                                                       ",38.007898,84.53452,33821,85.8,35.6
2604,"CLARKSVILLE                             ","TN  ","37040     ",1660,"CLARKSVILLE, TN-KY                                                              ",261816,"SOUTH                                                       ",36.528448,87.34142,29882,84.3,19.3
2309,"FARMINGTON                              ","NM  ","87402     ",0,"FARMINGTON, NM                                                                  ",122427,"WEST                                                        ",36.785816,108.14505,23230,83.6,19.7
103,"ST LOUIS                                ","MO  ","63117     ",7040,"ST. LOUIS, MO-IL                                                                ",2803707,"MIDWEST                                                     ",38.628402,90.32636,36174,81.5,16.9
1404,"VICKSBURG                               ","MS  ","39180     ",0,"MS NONMETROPOLITAN AREA                                                         ",26407,"SOUTH                                                       ",32.292761,90.87184,28466,73.6,19.1
1302,"SARASOTA                                ","FL  ","34238     ",7510,"SARASOTA-BRADENTON-VENICE, FL                                                   ",687181,"SOUTH                                                       ",27.240571,82.47836,40112,84.7,24.6
1009,"YUMA                                    ","AZ  ","85365     ",9360,"YUMA, AZ                                                                        ",190557,"WEST                                                        ",32.700018,114.52671,20424,65.8,11.8
7103,"AKRON                                   ","OH  ","44333     ",80,"AKRON, OH                                                                       ",699356,"MIDWEST                                                     ",41.144661,81.61948,33709,85.7,24.3
5203,"CINCINNATI                              ","OH  ","45246     ",1640,"CINCINNATI-MIDDLETOWN, OH-KY-IN                                                 ",2133678,"MIDWEST                                                     ",39.288558,84.47383,35618,82.9,26.4
1807,"PLANO                                   ","TX  ","75093     ",1920,"DALLAS-FORT WORTH-ARLINGTON, TX                                                 ",6145037,"SOUTH                                                       ",33.03505,96.80492,37075,79.9,28.4
403,"FLORISSANT                              ","MO  ","63034     ",7040,"ST. LOUIS, MO-IL                                                                ",2803707,"MIDWEST                                                     ",38.832863,90.29051,36174,81.5,16.9
7404,"NEWPORT NEWS                            ","VA  ","23602     ",5720,"VIRGINIA BEACH-NEWPORT NEWS, VA-NC                                              ",1658754,"SOUTH                                                       ",37.115698,76.5183,33316,84.8,23.9
3507,"CEDAR PARK                              ","TX  ","78613     ",640,"AUSTIN-ROUND ROCK, TX                                                           ",1598161,"SOUTH                                                       ",30.501272,97.83087,34005,84.8,36.7
7704,"RICHMOND                                ","VA  ","23235     ",6760,"RICHMOND, VA                                                                    ",1212977,"SOUTH                                                       ",37.522514,77.56565,37169,82.6,29.2
809,"CHANDLER                                ","AZ  ","85226     ",6200,"PHOENIX-MESA-SCOTTSDALE, AZ                                                     ",4179427,"WEST                                                        ",33.312208,111.93177,32536,85.1,23.9
5204,"GASTONIA                                ","NC  ","28054     ",1520,"CHARLOTTE-GASTONIA-CONCORD, NC-SC                                               ",1651568,"SOUTH                                                       ",35.263287,81.15312,36151,80.8,27.1
7003,"ASHTABULA                               ","OH  ","44004     ",0,"OH NONMETROPOLITAN AREA                                                         ",20962,"MIDWEST                                                     ",41.871212,80.79178,20963,78.0,10.4
1307,"SHERMAN                                 ","TX  ","75090     ",7640,"SHERMAN-DENISON, TX                                                             ",118675,"SOUTH                                                       ",33.632806,96.59106,25810,80.2,17.2
8602,"GRETNA                                  ","LA  ","70053     ",5560,"NEW ORLEANS-METAIRIE-KENNER, LA                                                 ",1030363,"SOUTH                                                       ",29.915355,90.05335,20722,77.7,22.6
503,"ST. LOUIS                               ","MO  ","63129     ",7040,"ST. LOUIS, MO-IL                                                                ",2803707,"MIDWEST                                                     ",38.469953,90.32161,36174,81.5,16.9
3302,"JACKSONVILLE                            ","FL  ","32256     ",3600,"JACKSONVILLE, FL                                                                ",40487,"SOUTH                                                       ",30.206922,81.54604,33732,83.6,22.9
3602,"MERRITT ISLAND                          ","FL  ","32952     ",4900,"PALM BAY-MELBOURNE-TITUSVILLE, FL                                               ",536161,"SOUTH                                                       ",28.350373,80.6691,31359,86.3,23.6
309,"PHOENIX                                 ","AZ  ","85051     ",6200,"PHOENIX-MESA-SCOTTSDALE, AZ                                                     ",4179427,"WEST                                                        ",33.559783,112.13361,32536,85.1,23.9
8102,"LAFAYETTE                               ","LA  ","70503     ",3880,"LAFAYETTE, LA                                                                   ",256494,"SOUTH                                                       ",30.185867,92.04706,31180,71.3,17.5
6703,"NORTH OLMSTED                           ","OH  ","44070     ",1680,"CLEVELAND-ELYRIA-MENTOR, OH                                                     ",2096471,"MIDWEST                                                     ",41.415097,81.91436,35542,82.9,23.3
6804,"COLUMBIA                                ","SC  ","29223     ",1760,"COLUMBIA, SC                                                                    ",716030,"SOUTH                                                       ",34.084069,80.93286,30927,84.3,29.2
4302,"TALLAHASSEE                             ","FL  ","32301     ",8240,"TALLAHASSEE, FL                                                                 ",352319,"SOUTH                                                       ",30.431283,84.26903,29026,85.9,36.7
1702,"LAKE WALES                              ","FL  ","33859     ",3980,"LAKELAND, FL                                                                    ",574746,"SOUTH                                                       ",27.894622,81.52824,27938,74.8,14.9
2104,"NASHVILLE                               ","TN  ","37215     ",5360,"NASHVILLE-MURFREESBORO-FRANKLIN, TN                                             ",1521437,"SOUTH                                                       ",36.098408,86.82522,36445,81.4,26.9
3504,"MONROE                                  ","LA  ","71203     ",5200,"MONROE, LA                                                                      ",172275,"SOUTH                                                       ",32.547067,92.04384,27723,78.6,22.7
7002,"TUSCALOOSA                              ","AL  ","35405     ",8600,"TUSCALOOSA, AL                                                                  ",205218,"SOUTH                                                       ",33.149246,87.52303,29408,78.8,24.0
4107,"CLOVIS                                  ","NM  ","88101     ",0,"NM NONMETROPOLITAN AREA                                                         ",42213,"WEST                                                        ",34.432846,103.22589,28878,77.5,15.7
4403,"LINCOLN                                 ","NE  ","68505     ",4360,"LINCOLN, NE                                                                     ",292219,"MIDWEST                                                     ",40.82655,96.62564,33612,90.5,32.6
2409,"EL PASO                                 ","TX  ","79925     ",2320,"EL PASO, TX                                                                     ",734669,"SOUTH                                                       ",31.782408,106.36353,22775,65.8,16.6
2207,"SAN ANTONIO                             ","TX  ","78247     ",7240,"SAN ANTONIO, TX                                                                 ",1990675,"SOUTH                                                       ",29.581304,98.40889,30109,76.2,19.5
3304,"BOSSIER CITY                            ","LA  ","71111     ",7680,"SHREVEPORT-BOSSIER CITY, LA                                                     ",387583,"SOUTH                                                       ",32.552315,93.70836,30527,78.9,19.1
404,"PINE BLUFF                              ","AR  ","71601     ",6240,"PINE BLUFF, AR                                                                  ",101484,"SOUTH                                                       ",34.215648,91.98841,23526,74.8,15.7
2402,"SANFORD                                 ","FL  ","32771     ",5960,"ORLANDO-KISSIMMEE, FL                                                           ",2032496,"SOUTH                                                       ",28.803979,81.28761,31112,82.8,24.8
3607,"COLLEGE STATION                         ","TX  ","77840     ",1260,"COLLEGE STATION-BRYAN, TX                                                       ",203371,"SOUTH                                                       ",30.614647,96.32641,24933,81.3,37.0
4203,"COUNCIL BLUFFS                          ","IA  ","51503     ",5920,"OMAHA-COUNCIL BLUFFS, NE-IA                                                     ",829890,"MIDWEST                                                     ",41.2544,95.79062,37373,84.0,15.0
8209,"AURORA                                  ","CO  ","80012     ",2080,"DENVER-AURORA, CO                                                               ",2464866,"WEST                                                        ",39.698387,104.83956,42574,86.4,34.2
2707,"MCALLEN                                 ","TX  ","78501     ",4880,"MCALLEN-EDINBURG-MISSION, TX                                                    ",710514,"SOUTH                                                       ",26.213105,98.23579,16022,50.5,12.9
8403,"PADUCAH                                 ","KY  ","42001     ",0,"KY NONMETROPOLITAN AREA                                                         ",26307,"SOUTH                                                       ",37.066543,88.65687,26137,76.6,18.6
8007,"HUMBLE                                  ","TX  ","77338     ",3360,"HOUSTON-SUGAR LAND-BAYTOWN, TX                                                  ",5628101,"SOUTH                                                       ",30.005691,95.28488,39052,76.4,26.5
6109,"PALMDALE                                ","CA  ","93551     ",4480,"LOS ANGELES-LONG BEACH-SANTA ANA, CA                                            ",12875587,"WEST                                                        ",34.606146,118.18495,36917,73.0,24.4
3804,"ASHEBORO                                ","NC  ","27203     ",3120,"GREENSBORO-HIGH POINT, NC                                                       ",698497,"SOUTH                                                       ",35.686122,79.82919,30909,78.6,22.9
3403,"SALINA                                  ","KS  ","67401     ",0,"KS NONMETROPOLITAN AREA                                                         ",46140,"MIDWEST                                                     ",38.827875,97.61553,46140,86.1,20.3
8604,"MUSKOGEE                                ","OK  ","74401     ",0,"OK NONMETROPOLITAN AREA                                                         ",38310,"SOUTH                                                       ",35.739681,95.40711,26418,75.3,17.5
4202,"PENSACOLA                               ","FL  ","32504     ",6080,"PENSACOLA-FERRY PASS-BRENT, FL                                                  ",453451,"SOUTH                                                       ",30.48787,87.18937,27701,83.0,21.5
4503,"GRAND ISLAND                            ","NE  ","68803     ",0,"NE NONMETROPOLITAN AREA                                                         ",42940,"MIDWEST                                                     ",40.916866,98.38749,36044,81.2,15.8
4504,"WINSTON-SALEM                           ","NC  ","27103     ",3120,"WINSTON-SALEM, NC                                                               ",463159,"SOUTH                                                       ",36.066545,80.30733,32345,78.6,22.9
6402,"ATLANTA                                 ","GA  ","30346     ",520,"ATLANTA-SANDY SPRINGS-MARIETTA, GA                                              ",5278904,"SOUTH                                                       ",33.926753,84.33877,35009,84.0,32.0
8503,"BOWLING GREEN                           ","KY  ","42104     ",0,"BOWLING GREEN, KY                                                               ",116001,"SOUTH                                                       ",36.930527,86.44751,27271,77.9,26.9
1403,"SPRINGFIELD                             ","MO  ","65804     ",7920,"SPRINGFIELD, MO                                                                 ",420020,"MIDWEST                                                     ",37.161299,93.2519,28075,82.8,23.0
8609,"WESTMINSTER                             ","CO  ","80030     ",2080,"DENVER-AURORA, CO                                                               ",2464866,"WEST                                                        ",39.830936,105.03736,42574,86.4,34.2
1704,"NASHVILLE                               ","TN  ","37211     ",5360,"NASHVILLE-MURFREESBORO-FRANKLIN, TN                                             ",1521437,"SOUTH                                                       ",36.079259,86.72584,36445,81.4,26.9
9402,"LAKE CHARLES                            ","LA  ","70601     ",3960,"LAKE CHARLES, LA                                                                ",191926,"SOUTH                                                       ",30.226399,93.20496,24078,77.0,16.9
703,"ST. LOUIS                               ","MO  ","63126     ",7040,"ST. LOUIS, MO-IL                                                                ",2803707,"MIDWEST                                                     ",38.552303,90.37921,36174,81.5,16.9
1709,"TUCSON                                  ","AZ  ","85711     ",8520,"TUCSON, AZ                                                                      ",967089,"WEST                                                        ",32.216326,110.88511,28481,83.4,26.7
8702,"SLIDELL                                 ","LA  ","70460     ",5560,"NEW ORLEANS-METAIRIE-KENNER, LA                                                 ",1030363,"SOUTH                                                       ",30.298048,89.81176,20722,77.7,22.6
2609,"EL PASO                                 ","TX  ","79912     ",2320,"EL PASO, TX                                                                     ",734669,"SOUTH                                                       ",31.848055,106.54487,22775,65.8,16.6
2007,"SAN ANTONIO                             ","TX  ","78216     ",7240,"SAN ANTONIO, TX                                                                 ",1990675,"SOUTH                                                       ",29.528515,98.49219,30109,76.2,19.5
504,"LITTLE ROCK                             ","AR  ","72205     ",4400,"LITTLE ROCK-NORTH LITTLE ROCK-CONWAY, AR                                        ",666401,"SOUTH                                                       ",34.752391,92.3355,32399,83.3,24.8
3007,"WACO                                    ","TX  ","76710     ",8800,"WACO, TX                                                                        ",228123,"SOUTH                                                       ",31.535916,97.18588,26733,76.6,19.1
5303,"CINCINNATI                              ","OH  ","45251     ",1640,"CINCINNATI-MIDDLETOWN, OH-KY-IN                                                 ",2133678,"MIDWEST                                                     ",39.258124,84.58733,35618,82.9,26.4
8409,"LITTLETON                               ","CO  ","80123     ",2080,"DENVER-AURORA, CO                                                               ",2464866,"WEST                                                        ",39.616114,105.07393,42574,86.4,34.2
7202,"MONTGOMERY                              ","AL  ","36117     ",5240,"MONTGOMERY, AL                                                                  ",365962,"SOUTH                                                       ",32.373714,86.16443,31083,79.6,24.7
4604,"HICKORY                                 ","NC  ","28602     ",3290,"HICKORY-LENOIR-MORGANTON, NC                                                    ",360471,"SOUTH                                                       ",35.70701,81.3534,26879,70.3,13.6
909,"MESA                                    ","AZ  ","85206     ",6200,"PHOENIX-MESA-SCOTTSDALE, AZ                                                     ",4179427,"WEST                                                        ",33.400306,111.72452,32536,85.1,23.9
7503,"NILES                                   ","OH  ","44446     ",9320,"YOUNGSTOWN-WARREN-BOARDMAN, OH-PA                                               ",570704,"MIDWEST                                                     ",41.186257,80.75297,27720,82.1,15.1
4407,"ABILENE                                 ","TX  ","79606     ",40,"ABILENE, TX                                                                     ",159343,"SOUTH                                                       ",32.360362,99.79886,27660,81.2,22.5
7502,"COLUMBUS                                ","GA  ","31909     ",1800,"COLUMBUS, GA-AL                                                                 ",282756,"SOUTH                                                       ",32.53554,84.92583,29661,79.4,20.6
6203,"MENTOR                                  ","OH  ","44060     ",1680,"CLEVELAND-ELYRIA-MENTOR, OH                                                     ",2096471,"MIDWEST                                                     ",41.688162,81.33378,35542,82.9,23.3
2407,"SAN ANTONIO                             ","TX  ","78205     ",7240,"SAN ANTONIO, TX                                                                 ",1990675,"SOUTH                                                       ",29.425932,98.48931,30109,76.2,19.5
6104,"CHARLESTON                              ","SC  ","29407     ",1440,"CHARLESTON-NORTH CHARLESTON, SC                                                 ",630100,"SOUTH                                                       ",32.794841,80.005,30514,81.3,25.0
9202,"MERIDIAN                                ","MS  ","39301     ",0,"MS NONMETROPOLITAN AREA                                                         ",38314,"SOUTH                                                       ",32.339004,88.6596,25045,72.3,17.6
1402,"PORT CHARLOTTE                          ","FL  ","33948     ",6580,"PUNTA GORDA, FL                                                                 ",152814,"SOUTH                                                       ",26.984486,82.14859,27618,82.1,17.6
9104,"ENID                                    ","OK  ","73703     ",0,"OK NONMETROPOLITAN AREA                                                         ",47045,"SOUTH                                                       ",36.402666,97.92836,32227,81.7,20.0
102,"TAMPA                                   ","FL  ","33607     ",8280,"TAMPA-ST. PETERSBURG-CLEARWATER, FL                                             ",2723949,"SOUTH                                                       ",27.963798,82.49537,33008,81.5,21.7
8902,"HATTIESBURG                             ","MS  ","39402     ",3285,"HATTIESBURG, MS                                                                 ",138144,"SOUTH                                                       ",31.325437,89.37926,25073,83.0,26.8
707,"DALLAS                                  ","TX  ","75240     ",2800,"DALLAS-FORT WORTH-ARLINGTON, TX                                                 ",6145037,"SOUTH                                                       ",32.938774,96.78543,37075,79.9,28.4
4102,"MOBILE                                  ","AL  ","36606     ",5160,"MOBILE, AL                                                                      ",404406,"SOUTH                                                       ",30.674057,88.10249,25227,78.2,19.9
1207,"MESQUITE                                ","TX  ","75150     ",1920,"DALLAS-FORT WORTH-ARLINGTON, TX                                                 ",6145037,"SOUTH                                                       ",32.818392,96.63355,37075,79.9,28.4
2509,"LAS CRUCES                              ","NM  ","88011     ",4100,"LAS CRUCES, NM                                                                  ",198791,"WEST                                                        ",32.312506,106.70306,22706,70.0,22.3
9804,"LAWTON                                  ","OK  ","73501     ",4200,"LAWTON, OK                                                                      ",113811,"SOUTH                                                       ",34.608348,98.39414,27828,85.2,19.1
402,"BRANDON                                 ","FL  ","33511     ",8280,"TAMPA-ST. PETERSBURG-CLEARWATER, FL                                             ",2723949,"SOUTH                                                       ",27.911201,82.2948,33008,81.5,21.7
7507,"HOUSTON                                 ","TX  ","77056     ",3360,"HOUSTON-SUGAR LAND-BAYTOWN, TX                                                  ",5628101,"SOUTH                                                       ",29.747328,95.46931,39052,76.4,26.5
4804,"ASHEVILLE                               ","NC  ","28805     ",480,"ASHEVILLE, NC                                                                   ",404320,"SOUTH                                                       ",35.599363,82.50007,28432,80.8,24.5
7402,"DOTHAN                                  ","AL  ","36303     ",2180,"DOTHAN, AL                                                                      ",139499,"SOUTH                                                       ",31.249042,85.40605,28255,77.0,16.9
2804,"KNOXVILLE                               ","TN  ","37919     ",3840,"KNOXVILLE, TN                                                                   ",681525,"SOUTH                                                       ",35.922881,84.00384,31238,79.6,23.5
4703,"WATERLOO                                ","IA  ","50702     ",8920,"WATERLOO-CEDAR FALLS, IA                                                        ",163329,"MIDWEST                                                     ",42.475886,92.33578,31331,86.5,23.0
3309,"PROVO                                   ","UT  ","84601     ",6520,"PROVO-OREM, UT                                                                  ",493306,"WEST                                                        ",40.230954,111.68006,21527,90.0,31.5
4803,"DAVENPORT                               ","IA  ","52806     ",1960,"DAVENPORT-MOLINE-ROCK ISLAND, IA-IL                                             ",376160,"MIDWEST                                                     ",41.574581,90.60303,32280,86.3,24.9
6102,"BUFORD                                  ","GA  ","30519     ",520,"ATLANTA-SANDY SPRINGS-MARIETTA, GA                                              ",5278904,"SOUTH                                                       ",34.089419,83.94701,35009,84.0,32.0
3702,"MELBOURNE                               ","FL  ","32904     ",4900,"PALM BAY-MELBOURNE-TITUSVILLE, FL                                               ",536161,"SOUTH                                                       ",28.073891,80.67167,31359,86.3,23.6
2209,"SANTA FE                                ","NM  ","87505     ",7490,"SANTA FE, NM                                                                    ",142955,"WEST                                                        ",35.616662,105.97926,35964,86.0,39.9
302,"TAMPA                                   ","FL  ","33625     ",8280,"TAMPA-ST. PETERSBURG-CLEARWATER, FL                                             ",2723949,"SOUTH                                                       ",28.069755,82.55734,33008,81.5,21.7
7307,"HOUSTON                                 ","TX  ","77082     ",3360,"HOUSTON-SUGAR LAND-BAYTOWN, TX                                                  ",5628101,"SOUTH                                                       ",29.722704,95.6314,39052,76.4,26.5
3807,"CORPUS CHRISTI                          ","TX  ","78411     ",1880,"CORPUS CHRISTI, TX                                                              ",414376,"SOUTH                                                       ",27.733058,97.38542,28539,73.9,17.8
1107,"LEWISVILLE                              ","TX  ","75067     ",1920,"DALLAS-FORT WORTH-ARLINGTON, TX                                                 ",6145037,"SOUTH                                                       ",33.020118,97.00771,37075,79.9,28.4
8204,"TULSA                                   ","OK  ","74135     ",8560,"TULSA, OK                                                                       ",905755,"SOUTH                                                       ",36.101245,95.92475,33920,83.7,23.2
509,"MESA                                    ","AZ  ","85202     ",6200,"PHOENIX-MESA-SCOTTSDALE, AZ                                                     ",4179427,"WEST                                                        ",33.381097,111.8756,32536,85.1,23.9
5403,"CINCINNATI                              ","OH  ","45211     ",1640,"CINCINNATI-MIDDLETOWN, OH-KY-IN                                                 ",2133678,"MIDWEST                                                     ",39.154159,84.60527,35618,82.9,26.4
6009,"STOCKTON                                ","CA  ","95207     ",8120,"STOCKTON, CA                                                                    ",670990,"WEST                                                        ",38.004172,121.3237,26181,71.2,14.5
3107,"TEMPLE                                  ","TX  ","76502     ",3810,"KILLEEN-TEMPLE-FORT HOOD, TX                                                    ",370008,"SOUTH                                                       ",31.086483,97.40076,28907,83.8,18.1
9309,"COLORADO SPRINGS                        ","CO  ","80909     ",1720,"COLORADO SPRINGS, CO                                                            ",609096,"WEST                                                        ",38.851493,104.77856,33521,91.3,31.8
4409,"HENDERSON                               ","NV  ","89014     ",4120,"LAS VEGAS-PARADISE, NV                                                          ",1836333,"WEST                                                        ",36.045811,115.0778,34890,79.4,17.2
2404,"NASHVILLE                               ","TN  ","37221     ",5360,"NASHVILLE-MURFREESBORO-FRANKLIN, TN                                             ",1521437,"SOUTH                                                       ",36.065032,86.94674,36445,81.4,26.9
5602,"WELLINGTON                              ","FL  ","33414     ",2680,"MIAMI-FORT LAUDERDALE-POMPANO BEACH, FL                                         ",5413212,"SOUTH                                                       ",26.65671,80.25377,36293,73.9,22.9
802,"CLEARWATER                              ","FL  ","33761     ",8280,"TAMPA-ST. PETERSBURG-CLEARWATER, FL                                             ",2723949,"SOUTH                                                       ",28.032827,82.72596,33008,81.5,21.7
3002,"JACKSONVILLE                            ","FL  ","32246     ",3600,"JACKSONVILLE, FL                                                                ",1300823,"SOUTH                                                       ",30.296911,81.52228,33732,83.6,22.9
4802,"PANAMA CITY                             ","FL  ","32405     ",6015,"PANAMA CITY-LYNN HAVEN, FL                                                      ",163984,"SOUTH                                                       ",30.195424,85.66458,29515,81.0,17.7
6209,"EL CENTRO                               ","CA  ","92243     ",0,"EL CENTRO, CA                                                                   ",161867,"WEST                                                        ",32.783359,115.57746,22143,62.9,14.4
5002,"CORAL SPRINGS                           ","FL  ","33071     ",2680,"MIAMI-FORT LAUDERDALE-POMPANO BEACH, FL                                         ",5413212,"SOUTH                                                       ",26.242559,80.26564,36293,73.9,22.9
4007,"AMARILLO                                ","TX  ","79121     ",320,"AMARILLO, TX                                                                    ",242240,"SOUTH                                                       ",35.173704,101.92914,28122,80.0,21.0
507,"FORT WORTH                              ","TX  ","76116     ",2800,"DALLAS-FORT WORTH-ARLINGTON, TX                                                 ",6145037,"SOUTH                                                       ",32.72228,97.44409,37075,79.9,28.4
4309,"LAS VEGAS                               ","NV  ","89119     ",4120,"LAS VEGAS-PARADISE, NV                                                          ",1836333,"WEST                                                        ",36.088922,115.13905,34890,79.4,17.2
8607,"BEAUMONT                                ","TX  ","77706     ",840,"BEAUMONT-PORT ARTHUR, TX                                                        ",376241,"SOUTH                                                       ",30.092679,94.16377,28859,78.7,24.7
9709,"GREELEY                                 ","CO  ","80631     ",3060,"GREELEY, CO                                                                     ",243750,"WEST                                                        ",40.421845,104.69175,24687,79.6,21.6
5802,"MIAMI                                   ","FL  ","33172     ",2680,"MIAMI-FORT LAUDERDALE-POMPANO BEACH, FL                                         ",5413212,"SOUTH                                                       ",25.786634,80.36151,36293,73.9,22.9
4707,"ODESSA                                  ","TX  ","79762     ",5800,"ODESSA, TX                                                                      ",129570,"SOUTH                                                       ",31.890374,102.35398,25805,73.5,18.4
4607,"MIDLAND                                 ","TX  ","79705     ",5800,"MIDLAND, TX                                                                     ",126408,"SOUTH                                                       ",32.029022,102.08618,39939,80.6,27.2
4404,"GREENSBORO                              ","NC  ","27407     ",3120,"GREENSBORO-HIGH POINT, NC                                                       ",698497,"SOUTH                                                       ",36.025379,79.87112,30909,78.6,22.9
2202,"OVIEDO                                  ","FL  ","32765     ",5960,"ORLANDO-KISSIMMEE, FL                                                           ",2032496,"SOUTH                                                       ",28.656375,81.21026,31112,82.8,24.8
6604,"GREENVILLE                              ","SC  ","29607     ",3160,"GREENVILLE-MAULDIN-EASLEY, SC                                                   ",613828,"SOUTH                                                       ",34.825592,82.34099,29636,75.4,20.7
1204,"MEMPHIS                                 ","TN  ","38115     ",4920,"MEMPHIS, TN-AR-MS                                                               ",1280533,"SOUTH                                                       ",35.057311,89.86291,33880,80.1,24.1
2109,"ALBUQUERQUE                             ","NM  ","87110     ",201,"ALBUQUERQUE, NM                                                                 ",835120,"WEST                                                        ",35.106396,106.57927,30477,83.9,28.4
3909,"BILLINGS                                ","MT  ","59102     ",880,"BILLINGS, MT                                                                    ",149657,"WEST                                                        ",45.778852,108.5742,32766,88.5,26.4
9209,"PUEBLO                                  ","CO  ","81008     ",6560,"PUEBLO, CO                                                                      ",154538,"WEST                                                        ",38.370203,104.61964,26150,81.3,18.3
409,"PHOENIX                                 ","AZ  ","85032     ",6200,"PHOENIX-MESA-SCOTTSDALE, AZ                                                     ",4179427,"WEST                                                        ",33.62414,112.00416,32536,85.1,23.9
2907,"BROWNSVILLE                             ","TX  ","78526     ",1240,"BROWNSVILLE-HARLINGEN, TX                                                       ",387210,"SOUTH                                                       ",25.969007,97.47211,17374,55.2,13.4
2303,"INDEPENDENCE                            ","MO  ","64057     ",3760,"KANSAS CITY, MO-KS                                                              ",1985429,"MIDWEST                                                     ",39.069165,94.35087,35859,82.9,15.2
4103,"OMAHA                                   ","NE  ","68114     ",5920,"OMAHA-COUNCIL BLUFFS, NE-IA                                                     ",829890,"MIDWEST                                                     ",41.264531,96.04798,37373,86.0,28.7
9906,"LITTLE ROCK                             ","AR  ","72201     ",4400,"LITTLE ROCK-NORTH LITTLE ROCK-CONWAY, AR                                        ",666401,"SOUTH                                                       ",34.745692,92.27987,32399,83.6,24.8
5603,"CINCINNATI                              ","OH  ","45245     ",1640,"CINCINNATI-MIDDLETOWN, OH-KY-IN                                                 ",2133678,"MIDWEST                                                     ",39.075329,84.27311,35618,82.9,26.4
709,"GLENDALE                                ","AZ  ","85308     ",6200,"PHOENIX-MESA-SCOTTSDALE, AZ                                                     ",4179427,"WEST                                                        ",33.657722,112.17825,32536,85.1,23.9
1607,"DALLAS                                  ","TX  ","75225     ",1920,"DALLAS-FORT WORTH-ARLINGTON, TX                                                 ",6145037,"SOUTH                                                       ",32.862876,96.7904,37075,79.9,28.4
1304,"FORT SMITH                              ","AR  ","72903     ",2720,"FORT SMITH, AR-OK                                                               ",289693,"SOUTH                                                       ",35.357041,94.36914,26081,75.0,14.5
304,"FAYETTEVILLE                            ","AR  ","72703     ",2580,"FAYETTEVILLE-SPRINGDALE-ROGERS, AR-MO                                           ",435714,"SOUTH                                                       ",36.107078,94.11592,27806,80.0,22.4
1103,"JEFFERSON CITY                          ","MO  ","65109     ",0,"JEFFERSON CITY, MO                                                              ",145686,"MIDWEST                                                     ",38.568287,92.25329,29656,85.1,30.8
203,"CHESTERFIELD                            ","MO  ","63017     ",7040,"ST. LOUIS, MO-IL                                                                ",2803707,"MIDWEST                                                     ",38.647023,90.53918,36174,81.5,16.9
8707,"PORT ARTHUR                             ","TX  ","77642     ",840,"BEAUMONT-PORT ARTHUR, TX                                                        ",376241,"SOUTH                                                       ",29.921564,93.92694,28859,78.7,24.7
1804,"JACKSON                                 ","MS  ","39209     ",3560,"JACKSON, MS                                                                     ",534047,"SOUTH                                                       ",32.325512,90.25709,30830,80.4,27.2
3609,"IDAHO FALLS                             ","ID  ","83404     ",0,"IDAHO FALLS, ID                                                                 ",119396,"WEST                                                        ",43.465998,112.01425,27674,87.7,28.2
2009,"ALBUQUERQUE                             ","NM  ","87114     ",200,"ALBUQUERQUE, NM                                                                 ",835120,"WEST                                                        ",35.196446,106.67336,30477,83.9,28.4
6302,"LITHONIA                                ","GA  ","30038     ",520,"ATLANTA-SANDY SPRINGS-MARIETTA, GA                                              ",5278904,"SOUTH                                                       ",33.676358,84.15381,35009,84.0,32.0
1407,"ARLINGTON                               ","TX  ","76015     ",1920,"DALLAS-FORT WORTH-ARLINGTON, TX                                                 ",6145037,"SOUTH                                                       ",32.691393,97.13546,37075,79.9,28.4
9503,"CLARKSVILLE                             ","IN  ","47129     ",4520,"LOUISVILLE/JEFFERSON COUNTY, KY-IN                                              ",1233735,"MIDWEST                                                     ",38.303945,85.76787,34100,79.9,14.3
1203,"COLUMBIA                                ","MO  ","65203     ",1740,"COLUMBIA, MO                                                                    ",162314,"MIDWEST                                                     ",38.925204,92.36887,31309,91.1,50.5
2304,"ANTIOCH                                 ","TN  ","37013     ",5360,"NASHVILLE-MURFREESBORO-FRANKLIN, TN                                             ",1521437,"SOUTH                                                       ",36.055115,86.64782,36445,81.4,26.9
7107,"HOUSTON                                 ","TX  ","77070     ",3360,"HOUSTON-SUGAR LAND-BAYTOWN, TX                                                  ",5628101,"SOUTH                                                       ",29.978801,95.57655,39052,76.4,26.5
7707,"SUGAR LAND                              ","TX  ","77479     ",3360,"HOUSTON-SUGAR LAND-BAYTOWN, TX                                                  ",5628101,"SOUTH                                                       ",29.573345,95.63213,39052,76.4,26.5
4502,"TALLAHASSEE                             ","FL  ","32303     ",8240,"TALLAHASSEE, FL                                                                 ",352319,"SOUTH                                                       ",30.486061,84.31528,29026,85.9,36.7
3707,"VICTORIA                                ","TX  ","77904     ",8750,"VICTORIA, TX                                                                    ",113797,"SOUTH                                                       ",28.873664,97.00715,29624,76.2,16.2
5304,"FLORENCE                                ","AL  ","35630     ",2650,"FLORENCE-MUSCLE SHOALS, AL                                                      ",143149,"SOUTH                                                       ",34.817537,87.66253,25894,75.2,16.8
2904,"KNOXVILLE                               ","TN  ","37924     ",3840,"KNOXVILLE, TN                                                                   ",681525,"SOUTH                                                       ",36.029987,83.80705,31238,79.6,23.5
9504,"NORMAN                                  ","OK  ","73072     ",5880,"OKLAHOMA CITY, OK                                                               ",1192989,"SOUTH                                                       ",35.212681,97.48672,31630,83.6,24.4
3502,"DAYTONA BEACH                           ","FL  ","32114     ",2020,"DELTONA-DAYTONA BEACH-ORMOND BEACH, FL                                          ",500413,"SOUTH                                                       ",29.204009,81.03602,27211,82.5,18.0
7303,"CANTON                                  ","OH  ","44718     ",1320,"CANTON-MASSILLON, OH                                                            ",407180,"MIDWEST                                                     ",40.850683,81.43773,29141,83.2,17.3
807,"RICHARDSON                              ","TX  ","75081     ",2800,"DALLAS-FORT WORTH-ARLINGTON, TX                                                 ",6145037,"SOUTH                                                       ",32.948974,96.70916,37075,79.9,28.4
7602,"ALBANY                                  ","GA  ","31707     ",120,"ALBANY, GA                                                                      ",113264,"SOUTH                                                       ",31.568073,84.22644,24865,75.2,17.7
1509,"TUCSON                                  ","AZ  ","85705     ",8520,"TUCSON, AZ                                                                      ",967089,"WEST                                                        ",32.260316,110.98534,28481,83.4,26.7
5803,"FRANKLIN                                ","OH  ","45005     ",1640,"CINCINNATI-MIDDLETOWN, OH-KY-IN                                                 ",2133678,"MIDWEST                                                     ",39.550241,84.3087,35618,82.9,26.4
7703,"TOLEDO                                  ","OH  ","43614     ",8400,"TOLEDO, OH                                                                      ",650955,"MIDWEST                                                     ",41.60135,83.62611,31429,84.1,21.6
2102,"ORLANDO                                 ","FL  ","32809     ",5960,"ORLANDO-KISSIMMEE, FL                                                           ",2032496,"SOUTH                                                       ",28.463482,81.38814,31112,82.8,24.8
907,"DENTON                                  ","TX  ","76205     ",2800,"DALLAS-FORT WORTH-ARLINGTON, TX                                                 ",6145037,"SOUTH                                                       ",33.16156,97.10376,37075,79.9,28.4
2502,"OCOEE                                   ","FL  ","34761     ",5960,"ORLANDO-KISSIMMEE, FL                                                           ",2032496,"SOUTH                                                       ",28.574628,81.52946,31112,82.8,24.8
8002,"BATON ROUGE                             ","LA  ","70815     ",760,"BATON ROUGE, LA                                                                 ",770037,"SOUTH                                                       ",30.45514,91.06358,29702,81.9,24.9
6903,"ELYRIA                                  ","OH  ","44035     ",1680,"CLEVELAND-ELYRIA-MENTOR, OH                                                     ",2096471,"MIDWEST                                                     ",41.369846,82.10874,35542,82.9,23.3
2607,"LAREDO                                  ","TX  ","78041     ",4080,"LAREDO, TX                                                                      ",233152,"SOUTH                                                       ",27.542244,99.49233,18770,53.0,13.9
1004,"MEMPHIS                                 ","TN  ","38117     ",4920,"MEMPHIS, TN-AR-MS                                                               ",1280533,"SOUTH                                                       ",35.112929,89.90389,33880,80.1,24.1
6904,"WILMINGTON                              ","NC  ","28403     ",9200,"WILMINGTON, NC                                                                  ",339511,"SOUTH                                                       ",34.221512,77.88452,28584,83.7,26.1
1104,"MEMPHIS                                 ","TN  ","38133     ",4920,"MEMPHIS, TN-AR-MS                                                               ",1280533,"SOUTH                                                       ",35.208709,89.80518,33880,80.1,24.1
4207,"WICHITA FALLS                           ","TX  ","76308     ",9080,"WICHITA FALLS, TX                                                               ",148148,"SOUTH                                                       ",33.859798,98.54064,30125,80.0,19.7
7604,"RICHMOND                                ","VA  ","23233     ",6760,"RICHMOND, VA                                                                    ",1212977,"SOUTH                                                       ",37.622465,77.61965,37169,82.6,29.2
3604,"ALEXANDRIA                              ","LA  ","71301     ",220,"ALEXANDRIA, LA                                                                  ",149837,"SOUTH                                                       ",31.294532,92.46015,29813,74.6,16.5
902,"LAKELAND                                ","FL  ","33809     ",3980,"LAKELAND, FL                                                                    ",574746,"SOUTH                                                       ",28.128494,81.95625,27938,74.8,14.9
4209,"LAS VEGAS                               ","NV  ","89107     ",4120,"LAS VEGAS-PARADISE, NV                                                          ",1836333,"WEST                                                        ",36.171219,115.21682,34890,79.4,17.2
502,"ST PETERSBURG                           ","FL  ","33710     ",8280,"TAMPA-ST. PETERSBURG-CLEARWATER, FL                                             ",2723949,"SOUTH                                                       ",27.788637,82.72244,33008,81.5,21.7
107,"HURST                                   ","TX  ","76053     ",2800,"DALLAS-FORT WORTH-ARLINGTON, TX                                                 ",6145037,"SOUTH                                                       ",32.821378,97.181,37075,79.9,28.4
5404,"DECATUR                                 ","AL  ","35601     ",2030,"DECATUR, AL                                                                     ",149279,"SOUTH                                                       ",34.595332,86.98786,28984,73.8,15.8
4303,"OMAHA                                   ","NE  ","68144     ",5920,"OMAHA-COUNCIL BLUFFS, NE-IA                                                     ",829890,"MIDWEST                                                     ",41.235248,96.11505,37373,86.0,28.7
8407,"LAKE JACKSON                            ","TX  ","77566     ",1145,"HOUSTON-SUGAR LAND-BAYTOWN, TX                                                  ",5628101,"SOUTH                                                       ",29.036879,95.44103,39052,76.4,26.5
7004,"NORFOLK                                 ","VA  ","23510     ",5720,"VIRGINIA BEACH-NEWPORT NEWS, VA-NC                                              ",1658754,"SOUTH                                                       ",36.852547,76.29028,33316,84.8,23.9
5102,"FT. LAUDERDALE                          ","FL  ","33304     ",2680,"MIAMI-FORT LAUDERDALE-POMPANO BEACH, FL                                         ",5413212,"SOUTH                                                       ",26.137693,80.12646,36293,73.9,22.9
1909,"SIERRA VISTA                            ","AZ  ","85635     ",0,"AZ NONMETROPOLITAN AREA                                                         ",41908,"WEST                                                        ",31.562546,110.24288,38427,91.5,25.7
5903,"RICHMOND                                ","IN  ","47374     ",0,"IN NONMETROPOLITAN AREA                                                         ",39124,"MIDWEST                                                     ",39.831061,84.89067,39124,74.6,13.8
5604,"HUNTSVILLE                              ","AL  ","35806     ",3440,"HUNTSVILLE, AL                                                                  ",386632,"SOUTH                                                       ",34.748066,86.68317,33119,83.3,30.9
4704,"HIGH POINT                              ","NC  ","27262     ",3120,"GREENSBORO-HIGH POINT, NC                                                       ",698497,"SOUTH                                                       ",35.964586,80.02239,30909,78.6,22.9
8803,"LEXINGTON                               ","KY  ","40504     ",4280,"LEXINGTON-FAYETTE, KY                                                           ",447173,"SOUTH                                                       ",38.039322,84.54259,33821,85.8,35.6
8507,"TEXAS CITY                              ","TX  ","77591     ",1145,"HOUSTON-SUGAR LAND-BAYTOWN, TX                                                  ",5628101,"SOUTH                                                       ",29.389583,94.99167,39052,76.4,26.5
8302,"KENNER                                  ","LA  ","70065     ",5560,"NEW ORLEANS-METAIRIE-KENNER, LA                                                 ",1030363,"SOUTH                                                       ",30.022853,90.25133,20722,77.7,22.6
3003,"WICHITA                                 ","KS  ","67207     ",9040,"WICHITA, KS                                                                     ",596452,"MIDWEST                                                     ",37.669803,97.23289,33368,83.8,25.3
2204,"GOODLETTSVILLE                          ","TN  ","37072     ",5360,"NASHVILLE-MURFREESBORO-FRANKLIN, TN                                             ",1521437,"SOUTH                                                       ",36.35465,86.71879,36445,81.4,26.9
1707,"DALLAS                                  ","TX  ","75237     ",1920,"DALLAS-FORT WORTH-ARLINGTON, TX                                                 ",6145037,"SOUTH                                                       ",32.666984,96.87633,37075,79.9,28.4
6304,"MYRTLE BEACH                            ","SC  ","29577     ",5330,"MYRTLE BEACH-NORTH MYRTLE BEACH, SC                                             ",249925,"SOUTH                                                       ",33.698101,78.89604,26686,81.1,18.7
7203,"AKRON                                   ","OH  ","44322     ",80,"AKRON, OH                                                                       ",699356,"MIDWEST                                                     ",41.043496,81.58536,33709,85.7,24.3
3704,"TEXARKANA                               ","TX  ","75503     ",8360,"TEXARKANA, TX-TEXARKANA, AR                                                     ",134215,"SOUTH                                                       ",33.476844,94.09637,26687,77.3,16.1
3509,"POCATELLO                               ","ID  ","83202     ",6340,"POCATELLO, ID                                                                   ",87609,"WEST                                                        ",42.96866,112.43182,24820,87.5,24.9
3303,"HUTCHINSON                              ","KS  ","67501     ",0,"KS NONMETROPOLITAN AREA                                                         ",40787,"MIDWEST                                                     ",38.034292,97.92382,32645,82.3,17.2
8202,"HOUMA                                   ","LA  ","70364     ",3350,"HOUMA-BAYOU CANE-THIBODAUX, LA                                                  ",201137,"SOUTH                                                       ",29.626988,90.72076,26900,66.7,12.3
704,"NORTH LITTLE ROCK                       ","AR  ","72116     ",4400,"LITTLE ROCK-NORTH LITTLE ROCK-CONWAY, AR                                        ",666401,"SOUTH                                                       ",34.799541,92.24764,32399,83.4,24.8
4104,"CARY                                    ","NC  ","27511     ",6640,"RALEIGH-CARY, NC                                                                ",1047629,"SOUTH                                                       ",35.755651,78.77508,35186,85.4,38.9
5104,"CHARLOTTE                               ","NC  ","28212     ",1520,"CHARLOTTE-GASTONIA-CONCORD, NC-SC                                               ",1651568,"SOUTH                                                       ",35.189544,80.74742,36151,80.8,27.1
6202,"DOUGLASVILLE                            ","GA  ","30135     ",520,"ATLANTA-SANDY SPRINGS-MARIETTA, GA                                              ",5278904,"SOUTH                                                       ",33.701554,84.73756,35009,84.0,32.0
7403,"BOARDMAN                                ","OH  ","44512     ",9320,"YOUNGSTOWN-WARREN-BOARDMAN, OH-PA                                               ",570704,"MIDWEST                                                     ",40.850683,81.43773,27720,82.1,15.1
3407,"AUSTIN                                  ","TX  ","78752     ",640,"AUSTIN-ROUND ROCK, TX                                                           ",1598161,"SOUTH                                                       ",30.332506,97.70571,34005,84.8,36.7
4807,"LONGVIEW                                ","TX  ","75605     ",4420,"LONGVIEW, TX                                                                    ",203611,"SOUTH                                                       ",32.557684,94.74353,29880,78.4,16.8
8402,"METAIRIE                                ","LA  ","70002     ",5560,"NEW ORLEANS-METAIRIE-KENNER, LA                                                 ",1030363,"SOUTH                                                       ",30.011517,90.16245,20722,77.7,22.6
4702,"MARY ESTHER                             ","FL  ","32569     ",2750,"FORT WALTON BEACH-CRESTVIEW-DESTIN, FL                                          ",181499,"SOUTH                                                       ",30.409902,86.71497,34961,88.0,24.2
8004,"COLONIAL HEIGHTS                        ","VA  ","23834     ",6760,"RICHMOND, VA                                                                    ",1212977,"SOUTH                                                       ",37.265403,77.40438,37169,82.6,29.2
7104,"VIRGINIA BEACH                          ","VA  ","23452     ",5720,"VIRGINIA BEACH-NEWPORT NEWS, VA-NC                                              ",1658754,"SOUTH                                                       ",36.839209,76.09333,33316,84.8,23.9
8109,"LITTLETON                               ","CO  ","80124     ",2080,"DENVER-AURORA, CO                                                               ",2464866,"WEST                                                        ",39.543478,104.89644,42574,86.4,34.2
7302,"AUBURN                                  ","AL  ","36830     ",580,"AUBURN-OPELIKA, AL                                                              ",130516,"SOUTH                                                       ",32.577135,85.47282,24406,81.4,27.9
5402,"BOYNTON BEACH                           ","FL  ","33426     ",2680,"MIAMI-FORT LAUDERDALE-POMPANO BEACH, FL                                         ",5413212,"SOUTH                                                       ",26.529581,80.08226,36293,73.9,22.9
1703,"ST. JOSEPH                              ","MO  ","64506     ",7000,"ST. JOSEPH, MO-KS                                                               ",123339,"MIDWEST                                                     ",39.787394,94.80941,27009,81.5,16.9
6704,"SPARTANBURG                             ","SC  ","29301     ",3160,"SPARTANBURG, SC                                                                 ",275534,"SOUTH                                                       ",34.940921,81.98682,26710,75.4,20.7
9304,"OKLAHOMA CITY                           ","OK  ","73118     ",5880,"OKLAHOMA CITY, OK                                                               ",1192989,"SOUTH                                                       ",35.515008,97.53106,31630,83.6,24.4
1002,"PORT RICHEY                             ","FL  ","34668     ",8280,"TAMPA-ST. PETERSBURG-CLEARWATER, FL                                             ",2723949,"SOUTH                                                       ",28.30073,82.69698,33008,81.5,21.7
3204,"SHREVEPORT                              ","LA  ","71104     ",7680,"SHREVEPORT-BOSSIER CITY, LA                                                     ",387583,"SOUTH                                                       ",32.484232,93.73671,30527,78.9,19.1
4904,"ASHEVILLE                               ","NC  ","28806     ",480,"ASHEVILLE, NC                                                                   ",404320,"SOUTH                                                       ",35.575877,82.6062,28432,80.8,24.5
6902,"MACON                                   ","GA  ","31206     ",4680,"MACON, GA                                                                       ",229846,"SOUTH                                                       ",32.79904,83.67216,29466,78.9,19.5
609,"PHOENIX                                 ","AZ  ","85033     ",6200,"PHOENIX-MESA-SCOTTSDALE, AZ                                                     ",4179427,"WEST                                                        ",33.496091,112.21405,32536,85.1,23.9
2602,"ALTAMONTE SPRINGS                       ","FL  ","32701     ",5960,"ORLANDO-KISSIMMEE, FL                                                           ",2032496,"SOUTH                                                       ",28.666249,81.36796,31112,82.8,24.8
1109,"PRESCOTT                                ","AZ  ","86303     ",0,"PRESCOTT, AZ                                                                    ",212635,"WEST                                                        ",34.515939,112.45399,24015,89.6,30.6
8603,"LEXINGTON                               ","KY  ","40502     ",4280,"LEXINGTON-FAYETTE, KY                                                           ",447173,"SOUTH                                                       ",38.017219,84.4859,33821,85.8,35.6
7702,"SAVANNAH                                ","GA  ","31419     ",7520,"SAVANNAH, GA                                                                    ",329329,"SOUTH                                                       ",31.986249,81.20259,32069,79.9,23.2
3209,"SANDY                                   ","UT  ","84070     ",7160,"SALT LAKE CITY, UT                                                              ",1099973,"WEST                                                        ",40.581595,111.88821,33279,87.5,26.5
4307,"LUBBOCK                                 ","TX  ","79414     ",4600,"LUBBOCK, TX                                                                     ",267211,"SOUTH                                                       ",33.550335,101.91661,28364,78.4,24.4
603,"FAIRVIEW HEIGHTS                        ","IL  ","62208     ",7040,"ST. LOUIS, MO-IL                                                                ",2803707,"MIDWEST                                                     ",38.596199,90.00227,36174,80.9,19.3
3802,"JENSEN BEACH                            ","FL  ","34957     ",2710,"PORT ST. LUCIE, FL                                                              ",400121,"SOUTH                                                       ",27.248445,80.23277,32458,80.8,19.7
2909,"LOGAN                                   ","UT  ","84341     ",0,"LOGAN, UT-ID                                                                    ",121090,"WEST                                                        ",41.780998,111.80904,22481,88.9,34.5
6002,"ALPHARETTA                              ","GA  ","30022     ",520,"ATLANTA-SANDY SPRINGS-MARIETTA, GA                                              ",5278904,"SOUTH                                                       ",34.026238,84.24506,35009,84.0,32.0
2503,"KANSAS CITY                             ","MO  ","64155     ",3760,"KANSAS CITY, MO-KS                                                              ",1985429,"MIDWEST                                                     ",39.276828,94.57344,35859,82.5,25.7
3709,"MISSOULA                                ","MT  ","59801     ",5140,"MISSOULA, MT                                                                    ",105650,"WEST                                                        ",46.855423,114.01229,30991,91.0,32.8
4603,"CORALVILLE                              ","IA  ","52241     ",3500,"IOWA CITY, IA                                                                   ",147038,"MIDWEST                                                     ",41.688215,91.58676,33971,93.7,47.6
3207,"KILLEEN                                 ","TX  ","76543     ",3810,"KILLEEN-TEMPLE-FORT HOOD, TX                                                    ",370008,"SOUTH                                                       ",31.113828,97.69246,28907,83.8,18.1
9204,"OKLAHOMA CITY                           ","OK  ","73134     ",5880,"OKLAHOMA CITY, OK                                                               ",1192989,"SOUTH                                                       ",35.612359,97.57152,31630,83.6,24.4
2203,"OVERLAND PARK                           ","KS  ","66214     ",3760,"KANSAS CITY, MO-KS                                                              ",1985429,"MIDWEST                                                     ",38.961756,94.71498,35859,94.9,47.7
903,"ST. PETERS                              ","MO  ","63376     ",7040,"ST. LOUIS, MO-IL                                                                ",2803707,"MIDWEST                                                     ",38.778579,90.62045,36174,81.5,16.9
4004,"RALEIGH                                 ","NC  ","27616     ",6640,"RALEIGH-CARY, NC                                                                ",1047629,"SOUTH                                                       ",35.865441,78.54929,35186,85.4,38.9
104,"CHARLOTTE                               ","NC  ","28216     ",1520,"CHARLOTTE-GASTONIA-CONCORD, NC-SC                                               ",1651568,"SOUTH                                                       ",35.739681,95.40711,36151,80.8,27.1
5804,"AUGUSTA                                 ","GA  ","30909     ",600,"AUGUSTA-RICHMOND COUNTY, GA-SC                                                  ",528519,"SOUTH                                                       ",33.475936,82.0697,28105,80.1,22.1
9409,"COLORADO SPRINGS                        ","CO  ","80920     ",1720,"COLORADO SPRINGS, CO                                                            ",609096,"WEST                                                        ",38.952366,104.76701,33521,91.3,31.8
5302,"PEMBROKE PINES                          ","FL  ","33026     ",2680,"MIAMI-FORT LAUDERDALE-POMPANO BEACH, FL                                         ",5413212,"SOUTH                                                       ",26.0267,80.29443,36293,73.9,22.9
9909,"CHEYENNE                                ","WY  ","82009     ",1580,"CHEYENNE, WY                                                                    ",86353,"WEST                                                        ",41.275932,104.88279,36355,89.1,23.4
4109,"LAS VEGAS                               ","NV  ","89109     ",4120,"LAS VEGAS-PARADISE, NV                                                          ",1836333,"WEST                                                        ",36.126038,115.14796,34890,79.4,17.2
1602,"NAPLES                                  ","FL  ","34102     ",5345,"NAPLES-MARCO ISLAND, FL                                                         ",315839,"SOUTH                                                       ",26.142938,81.79852,44458,81.8,27.9
8504,"BARTLESVILLE                            ","OK  ","74006     ",0,"OK NONMETROPOLITAN AREA                                                         ",34748,"SOUTH                                                       ",36.733398,95.92404,35827,86.3,30.7
3102,"JACKSONVILLE                            ","FL  ","32225     ",3600,"JACKSONVILLE, FL                                                                ",40487,"SOUTH                                                       ",30.348585,81.49965,33732,83.6,22.9
4204,"CHAPEL HILL                             ","NC  ","27514     ",6640,"DURHAM, NC                                                                      ",479624,"SOUTH                                                       ",35.915083,79.02939,34099,85.4,38.9
6803,"FAIRVIEW PARK                           ","OH  ","44126     ",1680,"CLEVELAND-ELYRIA-MENTOR, OH                                                     ",2096471,"MIDWEST                                                     ",41.441697,81.85738,35542,82.9,23.3
2004,"TULLAHOMA                               ","TN  ","37388     ",0,"TN NONMETROPOLITAN AREA                                                         ",17994,"SOUTH                                                       ",35.357522,86.21484,34119,78.5,24.3
2307,"SAN ANTONIO                             ","TX  ","78238     ",7240,"SAN ANTONIO, TX                                                                 ",1990675,"SOUTH                                                       ",29.479874,98.61509,30109,76.2,19.5
7102,"MONTGOMERY                              ","AL  ","36117     ",5240,"MONTGOMERY, AL                                                                  ",365962,"SOUTH                                                       ",32.373714,86.16443,31083,79.5,24.7
204,"HOT SPRINGS                             ","AR  ","71913     ",0,"HOT SPRINGS, AR                                                                 ",96371,"SOUTH                                                       ",34.47056,93.08805,27048,74.0,16.6
6004,"HUNTSVILLE                              ","AL  ","35801     ",3440,"HUNTSVILLE, AL                                                                  ",63902,"SOUTH                                                       ",34.72879,86.57316,33119,83.4,30.9
4902,"BILOXI                                  ","MS  ","39531     ",920,"GULFPORT-BILOXI, MS                                                             ",231523,"SOUTH                                                       ",30.405831,88.96219,26288,80.3,18.4
3409,"BOISE                                   ","ID  ","83704     ",1080,"BOISE CITY-NAMPA, ID                                                            ",587689,"WEST                                                        ",43.63123,116.28716,31569,86.5,24.5
7407,"HOUSTON                                 ","TX  ","77024     ",3360,"HOUSTON-SUGAR LAND-BAYTOWN, TX                                                  ",5628101,"SOUTH                                                       ",29.773994,95.51771,39052,76.4,26.5
3503,"MANHATTAN                               ","KS  ","66502     ",0,"KS NONMETROPOLITAN AREA                                                         ",51707,"MIDWEST                                                     ",39.184986,96.56932,30463,94.9,48.2
7907,"FRIENDSWOOD                             ","TX  ","77546     ",3360,"HOUSTON-SUGAR LAND-BAYTOWN, TX                                                  ",5628101,"SOUTH                                                       ",29.516873,95.19472,39052,76.4,26.5
6204,"NORTH CHARLESTON                        ","SC  ","29406     ",1440,"CHARLESTON-NORTH CHARLESTON, SC                                                 ",630100,"SOUTH                                                       ",32.918757,80.0228,30514,81.3,25.0
6404,"COLUMBIA                                ","SC  ","29212     ",1760,"COLUMBIA, SC                                                                    ",716030,"SOUTH                                                       ",34.075611,81.17611,30927,84.3,29.2
1904,"RIDGELAND                               ","MS  ","39157     ",3560,"JACKSON, MS                                                                     ",534047,"SOUTH                                                       ",32.420814,90.13134,30830,83.0,37.9
5503,"CRESTVIEW HILLS                         ","KY  ","41017     ",1640,"CINCINNATI-MIDDLETOWN, OH-KY-IN                                                 ",2133678,"SOUTH                                                       ",39.036361,84.56801,35618,90.0,21.2
5103,"CINCINNATI                              ","OH  ","45236     ",1640,"CINCINNATI-MIDDLETOWN, OH-KY-IN                                                 ",2133678,"MIDWEST                                                     ",39.205109,84.39512,35618,82.9,26.4
8309,"CENTENNIAL                              ","CO  ","80122     ",2080,"DENVER-AURORA, CO                                                               ",2464866,"WEST                                                        ",39.582604,104.95834,42574,86.4,34.2
2603,"MISSION                                 ","KS  ","66205     ",3760,"KANSAS CITY, MO-KS                                                              ",1985429,"MIDWEST                                                     ",39.030172,94.63097,35859,94.9,47.7
2704,"MURFREESBORO                            ","TN  ","37129     ",5360,"NASHVILLE-MURFREESBORO-FRANKLIN, TN                                             ",1521437,"SOUTH                                                       ",35.896645,86.42425,36445,81.4,26.9
7304,"CHESAPEAKE                              ","VA  ","23321     ",5720,"VIRGINIA BEACH-NEWPORT NEWS, VA-NC                                              ",1658754,"SOUTH                                                       ",36.826239,76.41524,33316,84.8,23.9
3202,"ORANGE PARK                             ","FL  ","32073     ",3600,"JACKSONVILLE, FL                                                                ",40487,"SOUTH                                                       ",30.160965,81.72916,33732,83.6,22.9
2103,"KANSAS CITY                             ","MO  ","64114     ",3760,"KANSAS CITY, MO-KS                                                              ",1985429,"MIDWEST                                                     ",38.966056,94.59641,35859,82.5,25.7
1003,"MARION                                  ","IL  ","62959     ",0,"IL NONMETROPOLITAN AREA                                                         ",17282,"MIDWEST                                                     ",37.724504,88.92968,30364,79.8,17.2
